Customer ID	Transaction ID	Date	Gender	Age	Product Category	Quantity	Price per Unit
string	continuous	time	Female Male	continuous	Beauty Clothing Electronics	continuous	continuous
meta							
CUST001	1	2023-11-24	Male	34	Beauty	3	50
CUST002	2	2023-02-27	Female	26	Clothing	2	500
CUST003	3	2023-01-13	Male	50	Electronics	1	30
CUST004	4	2023-05-21	Male	37	Clothing	1	500
CUST005	5	2023-05-06	Male	30	Beauty	2	50
CUST006	6	2023-04-25	Female	45	Beauty	1	30
CUST007	7	2023-03-13	Male	46	Clothing	2	25
CUST008	8	2023-02-22	Male	30	Electronics	4	25
CUST009	9	2023-12-13	Male	63	Electronics	2	300
CUST010	10	2023-10-07	Female	52	Clothing	4	50
CUST011	11	2023-02-14	Male	23	Clothing	2	50
CUST012	12	2023-10-30	Male	35	Beauty	3	25
CUST013	13	2023-08-05	Male	22	Electronics	3	500
CUST014	14	2023-01-17	Male	64	Clothing	4	30
CUST015	15	2023-01-16	Female	42	Electronics	4	500
CUST016	16	2023-02-17	Male	19	Clothing	3	500
CUST017	17	2023-04-22	Female	27	Clothing	4	25
CUST018	18	2023-04-30	Female	47	Electronics	2	25
CUST019	19	2023-09-16	Female	62	Clothing	2	25
CUST020	20	2023-11-05	Male	22	Clothing	3	300
CUST021	21	2023-01-14	Female	50	Beauty	1	500
CUST022	22	2023-10-15	Male	18	Clothing	2	50
CUST023	23	2023-04-12	Female	35	Clothing	4	30
CUST024	24	2023-11-29	Female	49	Clothing	1	300
CUST025	25	2023-12-26	Female	64	Beauty	1	50
CUST026	26	2023-10-07	Female	28	Electronics	2	500
CUST027	27	2023-08-03	Female	38	Beauty	2	25
CUST028	28	2023-04-23	Female	43	Beauty	1	500
CUST029	29	2023-08-18	Female	42	Electronics	1	30
CUST030	30	2023-10-29	Female	39	Beauty	3	300
CUST031	31	2023-05-23	Male	44	Electronics	4	300
CUST032	32	2023-01-04	Male	30	Beauty	3	30
CUST033	33	2023-03-23	Female	50	Electronics	2	50
CUST034	34	2023-12-24	Female	51	Clothing	3	50
CUST035	35	2023-08-05	Female	58	Beauty	3	300
CUST036	36	2023-06-24	Male	52	Beauty	3	300
CUST037	37	2023-05-23	Female	18	Beauty	3	25
CUST038	38	2023-03-21	Male	38	Beauty	4	50
CUST039	39	2023-04-21	Male	23	Clothing	4	30
CUST040	40	2023-06-22	Male	45	Beauty	1	50
CUST041	41	2023-02-22	Male	34	Clothing	2	25
CUST042	42	2023-02-17	Male	22	Clothing	3	300
CUST043	43	2023-07-14	Female	48	Clothing	1	300
CUST044	44	2023-02-19	Female	22	Clothing	1	25
CUST045	45	2023-07-03	Female	55	Electronics	1	30
CUST046	46	2023-06-26	Female	20	Electronics	4	300
CUST047	47	2023-11-06	Female	40	Beauty	3	500
CUST048	48	2023-05-16	Male	54	Electronics	3	300
CUST049	49	2023-01-23	Female	54	Electronics	2	500
CUST050	50	2023-08-24	Female	27	Beauty	3	25
CUST051	51	2023-10-02	Male	27	Beauty	3	25
CUST052	52	2023-03-05	Female	36	Beauty	1	300
CUST053	53	2023-07-13	Male	34	Electronics	2	50
CUST054	54	2023-02-10	Female	38	Electronics	3	500
CUST055	55	2023-10-10	Male	31	Beauty	4	30
CUST056	56	2023-05-31	Female	26	Clothing	3	300
CUST057	57	2023-11-18	Female	63	Beauty	1	30
CUST058	58	2023-11-13	Male	18	Clothing	4	300
CUST059	59	2023-07-05	Male	62	Clothing	1	50
CUST060	60	2023-10-23	Male	30	Beauty	3	50
CUST061	61	2023-04-09	Male	21	Beauty	4	50
CUST062	62	2023-12-27	Male	18	Beauty	2	50
CUST063	63	2023-02-05	Male	57	Electronics	2	25
CUST064	64	2023-01-24	Male	49	Clothing	4	25
CUST065	65	2023-12-05	Male	51	Electronics	4	500
CUST066	66	2023-04-27	Female	45	Electronics	1	30
CUST067	67	2023-05-29	Female	48	Beauty	4	300
CUST068	68	2023-02-10	Male	25	Electronics	1	300
CUST069	69	2023-04-30	Female	56	Beauty	3	25
CUST070	70	2023-02-21	Female	43	Clothing	1	300
CUST071	71	2023-07-14	Female	51	Beauty	4	25
CUST072	72	2023-05-23	Female	20	Electronics	4	500
CUST073	73	2023-08-21	Male	29	Electronics	3	30
CUST074	74	2023-11-22	Female	18	Beauty	4	500
CUST075	75	2023-07-06	Male	61	Beauty	4	50
CUST076	76	2023-03-25	Female	22	Electronics	2	50
CUST077	77	2023-07-09	Female	47	Clothing	2	50
CUST078	78	2023-07-01	Female	47	Clothing	3	500
CUST079	79	2023-04-18	Male	34	Beauty	1	300
CUST080	80	2023-12-10	Female	64	Clothing	2	30
CUST081	81	2023-05-17	Male	40	Electronics	1	50
CUST082	82	2023-12-26	Female	32	Beauty	4	50
CUST083	83	2023-12-16	Male	54	Electronics	2	50
CUST084	84	2023-11-28	Female	38	Electronics	3	30
CUST085	85	2023-02-06	Male	31	Clothing	3	50
CUST086	86	2023-11-08	Male	19	Beauty	3	30
CUST087	87	2023-11-22	Female	28	Beauty	2	50
CUST088	88	2023-03-29	Male	56	Clothing	1	500
CUST089	89	2023-10-01	Female	55	Electronics	4	500
CUST090	90	2023-05-06	Female	51	Electronics	1	30
CUST091	91	2023-03-25	Female	55	Electronics	1	500
CUST092	92	2023-08-25	Female	51	Electronics	4	30
CUST093	93	2023-07-14	Female	35	Beauty	4	500
CUST094	94	2023-05-19	Female	47	Beauty	2	500
CUST095	95	2023-11-24	Female	32	Clothing	2	30
CUST096	96	2023-12-19	Female	44	Clothing	2	300
CUST097	97	2023-10-13	Female	51	Beauty	2	500
CUST098	98	2023-04-23	Female	55	Beauty	2	50
CUST099	99	2023-12-17	Female	50	Electronics	4	300
CUST100	100	2023-06-16	Male	41	Electronics	1	30
CUST101	101	2023-01-29	Male	32	Clothing	2	300
CUST102	102	2023-04-28	Female	47	Beauty	2	25
CUST103	103	2023-01-17	Female	59	Clothing	1	25
CUST104	104	2023-06-11	Female	34	Beauty	2	500
CUST105	105	2023-07-25	Female	22	Electronics	1	500
CUST106	106	2023-05-18	Female	46	Clothing	1	50
CUST107	107	2023-02-03	Female	21	Clothing	4	300
CUST108	108	2023-04-19	Female	27	Beauty	3	25
CUST109	109	2023-10-18	Female	34	Electronics	4	500
CUST110	110	2023-06-11	Male	27	Clothing	3	300
CUST111	111	2023-04-19	Female	34	Electronics	3	500
CUST112	112	2023-12-02	Male	37	Clothing	3	500
CUST113	113	2023-09-13	Female	41	Electronics	2	25
CUST114	114	2023-07-22	Female	22	Beauty	4	25
CUST115	115	2023-11-26	Male	51	Clothing	3	500
CUST116	116	2023-08-23	Female	23	Clothing	1	30
CUST117	117	2023-03-15	Male	19	Electronics	2	500
CUST118	118	2023-05-16	Female	30	Electronics	4	500
CUST119	119	2023-03-13	Female	60	Clothing	3	50
CUST120	120	2023-05-07	Male	60	Beauty	1	50
CUST121	121	2023-10-15	Female	28	Electronics	4	50
CUST122	122	2023-10-03	Male	64	Electronics	4	30
CUST123	123	2023-05-15	Female	40	Electronics	2	30
CUST124	124	2023-10-27	Male	33	Clothing	4	500
CUST125	125	2023-08-08	Male	48	Clothing	2	50
CUST126	126	2023-10-26	Female	28	Clothing	3	30
CUST127	127	2023-07-24	Female	33	Clothing	2	25
CUST128	128	2023-07-05	Male	25	Beauty	1	500
CUST129	129	2023-04-23	Female	21	Beauty	2	300
CUST130	130	2023-03-12	Female	57	Clothing	1	500
CUST131	131	2023-09-18	Female	21	Beauty	2	300
CUST132	132	2023-09-10	Male	42	Electronics	4	50
CUST133	133	2023-02-16	Male	20	Electronics	3	300
CUST134	134	2023-01-25	Male	49	Electronics	1	50
CUST135	135	2023-02-26	Male	20	Clothing	2	25
CUST136	136	2023-03-20	Male	44	Electronics	2	300
CUST137	137	2023-11-18	Male	46	Beauty	2	500
CUST138	138	2023-03-23	Male	49	Clothing	4	50
CUST139	139	2023-12-15	Male	36	Beauty	4	500
CUST140	140	2023-08-05	Male	38	Electronics	1	30
CUST141	141	2023-11-02	Female	22	Electronics	1	50
CUST142	142	2023-02-02	Male	35	Electronics	4	300
CUST143	143	2023-07-17	Female	45	Clothing	1	50
CUST144	144	2023-07-15	Female	59	Beauty	3	500
CUST145	145	2023-11-02	Female	39	Clothing	3	25
CUST146	146	2023-08-28	Male	38	Clothing	4	50
CUST147	147	2023-09-28	Male	23	Electronics	1	300
CUST148	148	2023-05-09	Male	18	Clothing	2	30
CUST149	149	2023-10-11	Male	22	Clothing	3	25
CUST150	150	2023-01-06	Female	58	Electronics	4	30
CUST151	151	2023-12-15	Male	29	Clothing	1	50
CUST152	152	2023-02-28	Male	43	Electronics	4	500
CUST153	153	2023-12-16	Male	63	Electronics	2	500
CUST154	154	2023-10-02	Male	51	Electronics	3	300
CUST155	155	2023-05-17	Male	31	Electronics	4	500
CUST156	156	2023-11-25	Female	43	Clothing	4	25
CUST157	157	2023-06-24	Male	62	Electronics	4	500
CUST158	158	2023-02-27	Female	44	Electronics	2	300
CUST159	159	2023-05-31	Male	26	Clothing	4	50
CUST160	160	2023-08-11	Female	43	Clothing	2	50
CUST161	161	2023-03-22	Male	64	Beauty	2	500
CUST162	162	2023-08-21	Male	39	Clothing	2	30
CUST163	163	2023-01-02	Female	64	Clothing	3	50
CUST164	164	2023-05-15	Female	47	Beauty	3	500
CUST165	165	2023-09-14	Female	60	Clothing	4	300
CUST166	166	2023-04-02	Male	34	Clothing	4	500
CUST167	167	2023-09-17	Female	43	Clothing	3	50
CUST168	168	2023-02-24	Male	53	Clothing	1	300
CUST169	169	2023-11-17	Male	18	Beauty	3	500
CUST170	170	2023-06-02	Female	25	Clothing	2	25
CUST171	171	2023-11-24	Female	52	Clothing	3	300
CUST172	172	2023-09-17	Male	32	Beauty	2	25
CUST173	173	2023-11-08	Male	64	Electronics	4	30
CUST174	174	2023-04-12	Female	39	Beauty	1	300
CUST175	175	2023-03-20	Female	31	Electronics	4	25
CUST176	176	2023-07-11	Female	43	Beauty	2	50
CUST177	177	2023-03-24	Male	45	Beauty	2	50
CUST178	178	2023-10-04	Male	40	Clothing	2	30
CUST179	179	2023-09-29	Male	31	Electronics	1	300
CUST180	180	2023-01-01	Male	41	Clothing	3	300
CUST181	181	2023-11-03	Male	19	Electronics	4	300
CUST182	182	2023-06-15	Male	62	Beauty	4	30
CUST183	183	2023-09-08	Female	43	Beauty	3	300
CUST184	184	2023-01-10	Male	31	Electronics	4	50
CUST185	185	2023-02-27	Male	24	Clothing	1	25
CUST186	186	2023-07-05	Male	20	Clothing	4	50
CUST187	187	2023-06-07	Female	64	Clothing	2	50
CUST188	188	2023-05-03	Male	40	Clothing	3	25
CUST189	189	2023-01-30	Male	63	Beauty	1	50
CUST190	190	2023-05-04	Female	60	Beauty	3	30
CUST191	191	2023-10-18	Male	64	Beauty	1	25
CUST192	192	2023-02-10	Male	62	Beauty	2	50
CUST193	193	2023-02-13	Male	35	Beauty	3	500
CUST194	194	2023-09-06	Male	55	Clothing	4	50
CUST195	195	2023-02-05	Male	52	Clothing	1	30
CUST196	196	2023-09-30	Female	32	Clothing	3	300
CUST197	197	2023-03-06	Female	42	Clothing	4	50
CUST198	198	2023-03-07	Female	54	Beauty	3	300
CUST199	199	2023-12-04	Male	45	Beauty	3	500
CUST200	200	2023-09-01	Male	27	Beauty	3	50
CUST201	201	2023-10-09	Male	56	Electronics	1	25
CUST202	202	2023-03-26	Female	34	Clothing	4	300
CUST203	203	2023-05-16	Male	56	Clothing	2	500
CUST204	204	2023-09-28	Male	39	Beauty	1	25
CUST205	205	2023-11-07	Female	43	Clothing	1	25
CUST206	206	2023-08-05	Male	61	Clothing	1	25
CUST207	207	2023-04-19	Female	42	Beauty	2	25
CUST208	208	2023-10-04	Female	34	Electronics	4	50
CUST209	209	2023-12-20	Female	30	Electronics	4	50
CUST210	210	2023-04-13	Male	37	Electronics	4	50
CUST211	211	2024-01-01	Male	42	Beauty	3	500
CUST212	212	2023-06-09	Male	21	Clothing	3	500
CUST213	213	2023-07-24	Male	27	Beauty	3	500
CUST214	214	2023-12-10	Male	20	Beauty	2	30
CUST215	215	2023-11-29	Male	58	Clothing	3	500
CUST216	216	2023-07-11	Male	62	Electronics	2	50
CUST217	217	2023-08-13	Female	35	Electronics	4	50
CUST218	218	2023-09-22	Male	64	Beauty	3	30
CUST219	219	2023-08-20	Female	53	Electronics	3	30
CUST220	220	2023-03-03	Male	64	Beauty	1	500
CUST221	221	2023-05-07	Male	39	Beauty	2	300
CUST222	222	2023-04-26	Male	51	Clothing	4	30
CUST223	223	2023-02-02	Female	64	Clothing	1	25
CUST224	224	2023-06-23	Female	25	Clothing	1	50
CUST225	225	2023-01-11	Female	57	Beauty	4	25
CUST226	226	2023-10-29	Female	61	Clothing	1	50
CUST227	227	2023-10-11	Male	36	Electronics	2	50
CUST228	228	2023-04-28	Female	59	Electronics	2	30
CUST229	229	2023-10-29	Male	58	Beauty	3	30
CUST230	230	2023-04-23	Male	54	Beauty	1	25
CUST231	231	2023-01-04	Female	23	Clothing	3	50
CUST232	232	2023-02-06	Female	43	Beauty	1	25
CUST233	233	2023-12-29	Female	51	Beauty	2	300
CUST234	234	2023-11-20	Female	62	Electronics	2	25
CUST235	235	2023-01-31	Female	23	Electronics	2	500
CUST236	236	2023-04-28	Female	54	Clothing	1	25
CUST237	237	2023-02-04	Female	50	Beauty	2	500
CUST238	238	2023-01-17	Female	39	Beauty	1	500
CUST239	239	2023-06-19	Male	38	Electronics	3	500
CUST240	240	2023-02-06	Female	23	Beauty	1	300
CUST241	241	2023-09-21	Female	23	Electronics	3	25
CUST242	242	2023-05-02	Male	21	Clothing	1	25
CUST243	243	2023-05-23	Female	47	Electronics	3	300
CUST244	244	2023-12-09	Male	28	Beauty	2	50
CUST245	245	2023-09-06	Male	47	Clothing	3	30
CUST246	246	2023-04-20	Female	48	Electronics	2	25
CUST247	247	2023-10-04	Male	41	Electronics	2	30
CUST248	248	2023-03-09	Male	26	Clothing	3	300
CUST249	249	2023-10-20	Male	20	Clothing	1	50
CUST250	250	2023-10-23	Male	48	Electronics	1	50
CUST251	251	2023-08-31	Female	57	Beauty	4	50
CUST252	252	2023-05-05	Male	54	Electronics	1	300
CUST253	253	2023-08-31	Female	53	Clothing	4	500
CUST254	254	2023-07-28	Male	41	Electronics	1	500
CUST255	255	2023-04-08	Male	48	Clothing	1	30
CUST256	256	2023-02-18	Male	23	Clothing	2	500
CUST257	257	2023-02-19	Male	19	Beauty	4	500
CUST258	258	2023-12-04	Female	37	Clothing	1	50
CUST259	259	2023-08-09	Female	45	Clothing	4	50
CUST260	260	2023-07-01	Male	28	Beauty	2	30
CUST261	261	2023-08-05	Male	21	Clothing	2	25
CUST262	262	2023-07-30	Female	32	Beauty	4	30
CUST263	263	2023-08-28	Male	23	Beauty	2	30
CUST264	264	2023-01-28	Male	47	Clothing	3	300
CUST265	265	2023-12-11	Male	55	Clothing	3	300
CUST266	266	2023-12-01	Female	19	Electronics	2	30
CUST267	267	2023-11-27	Female	32	Beauty	3	30
CUST268	268	2023-02-20	Female	28	Electronics	1	30
CUST269	269	2023-02-01	Male	25	Clothing	4	500
CUST270	270	2023-07-26	Male	43	Electronics	1	300
CUST271	271	2023-06-23	Female	62	Beauty	4	30
CUST272	272	2023-02-25	Female	61	Electronics	2	50
CUST273	273	2023-05-08	Female	22	Beauty	1	50
CUST274	274	2023-04-09	Female	23	Clothing	2	500
CUST275	275	2023-04-08	Male	43	Clothing	2	500
CUST276	276	2023-10-02	Female	21	Beauty	4	25
CUST277	277	2023-08-18	Male	36	Clothing	4	25
CUST278	278	2023-03-13	Female	37	Clothing	4	25
CUST279	279	2023-08-05	Male	50	Clothing	1	500
CUST280	280	2023-04-04	Female	37	Clothing	3	500
CUST281	281	2023-05-23	Female	29	Beauty	4	500
CUST282	282	2023-08-25	Female	64	Electronics	4	50
CUST283	283	2023-05-08	Female	18	Electronics	1	500
CUST284	284	2023-02-08	Male	43	Clothing	4	50
CUST285	285	2023-08-15	Female	31	Electronics	1	25
CUST286	286	2023-10-09	Male	55	Electronics	2	25
CUST287	287	2023-02-20	Male	54	Clothing	4	25
CUST288	288	2023-01-26	Male	28	Clothing	4	30
CUST289	289	2023-11-30	Male	53	Electronics	2	30
CUST290	290	2023-10-04	Female	30	Beauty	2	300
CUST291	291	2023-01-08	Male	60	Clothing	2	300
CUST292	292	2023-02-17	Male	20	Beauty	4	300
CUST293	293	2023-05-02	Male	50	Electronics	3	30
CUST294	294	2023-03-27	Female	23	Clothing	3	30
CUST295	295	2023-07-28	Female	27	Beauty	3	300
CUST296	296	2023-09-06	Female	22	Clothing	4	300
CUST297	297	2023-09-04	Female	40	Electronics	2	500
CUST298	298	2023-04-20	Male	27	Beauty	4	300
CUST299	299	2023-07-25	Male	61	Electronics	2	500
CUST300	300	2023-01-31	Female	19	Electronics	4	50
CUST301	301	2023-03-26	Male	30	Clothing	4	30
CUST302	302	2023-07-14	Male	57	Beauty	2	300
CUST303	303	2023-01-02	Male	19	Electronics	3	30
CUST304	304	2023-07-19	Female	37	Electronics	2	30
CUST305	305	2023-05-16	Female	18	Beauty	1	30
CUST306	306	2023-08-21	Male	54	Electronics	1	50
CUST307	307	2023-05-27	Female	26	Electronics	2	25
CUST308	308	2023-08-05	Female	34	Beauty	4	300
CUST309	309	2023-12-23	Female	26	Beauty	1	25
CUST310	310	2023-10-12	Female	28	Beauty	1	25
CUST311	311	2023-12-05	Female	32	Beauty	4	25
CUST312	312	2023-09-07	Male	41	Clothing	4	30
CUST313	313	2023-03-21	Female	55	Beauty	3	500
CUST314	314	2023-04-08	Male	52	Clothing	4	30
CUST315	315	2023-06-01	Male	47	Clothing	2	30
CUST316	316	2023-04-22	Female	48	Clothing	2	25
CUST317	317	2023-01-30	Male	22	Electronics	3	30
CUST318	318	2023-10-24	Male	61	Clothing	1	25
CUST319	319	2023-10-05	Male	31	Clothing	1	500
CUST320	320	2023-02-01	Female	28	Electronics	4	300
CUST321	321	2023-06-10	Female	26	Electronics	2	25
CUST322	322	2023-01-30	Male	51	Electronics	1	500
CUST323	323	2023-01-26	Female	29	Beauty	3	300
CUST324	324	2023-10-27	Female	52	Electronics	3	50
CUST325	325	2023-09-02	Female	52	Electronics	2	25
CUST326	326	2023-09-15	Female	18	Clothing	3	25
CUST327	327	2023-09-29	Male	57	Electronics	3	50
CUST328	328	2023-03-22	Male	39	Beauty	2	50
CUST329	329	2023-01-30	Female	46	Electronics	4	25
CUST330	330	2023-09-18	Female	25	Beauty	4	50
CUST331	331	2023-02-11	Male	28	Electronics	3	30
CUST332	332	2023-04-06	Male	58	Electronics	4	300
CUST333	333	2023-02-05	Female	54	Electronics	4	300
CUST334	334	2023-11-01	Male	31	Electronics	3	300
CUST335	335	2023-02-04	Female	47	Beauty	4	30
CUST336	336	2023-12-12	Female	52	Beauty	3	50
CUST337	337	2023-05-01	Male	38	Clothing	1	500
CUST338	338	2023-07-26	Male	54	Beauty	2	50
CUST339	339	2023-03-03	Female	22	Electronics	2	25
CUST340	340	2023-10-19	Female	36	Clothing	4	300
CUST341	341	2023-05-07	Male	31	Clothing	4	50
CUST342	342	2023-10-24	Female	43	Clothing	4	500
CUST343	343	2023-11-01	Male	21	Electronics	2	25
CUST344	344	2023-01-21	Female	42	Beauty	1	30
CUST345	345	2023-11-14	Male	62	Electronics	1	30
CUST346	346	2023-02-11	Male	59	Clothing	2	500
CUST347	347	2023-08-03	Male	42	Electronics	1	25
CUST348	348	2023-12-03	Female	35	Electronics	2	300
CUST349	349	2023-10-26	Female	57	Beauty	1	50
CUST350	350	2023-10-17	Male	25	Beauty	3	25
CUST351	351	2023-09-25	Female	56	Clothing	3	30
CUST352	352	2023-06-11	Male	57	Electronics	2	500
CUST353	353	2023-05-14	Male	31	Electronics	1	500
CUST354	354	2023-04-15	Female	49	Beauty	4	50
CUST355	355	2023-12-09	Female	55	Electronics	1	500
CUST356	356	2023-06-10	Male	50	Electronics	3	500
CUST357	357	2023-05-03	Female	40	Electronics	3	25
CUST358	358	2023-05-16	Female	32	Beauty	1	300
CUST359	359	2023-07-22	Male	50	Clothing	1	50
CUST360	360	2023-03-09	Male	42	Clothing	4	25
CUST361	361	2023-12-10	Female	34	Electronics	4	300
CUST362	362	2023-11-27	Male	50	Clothing	1	25
CUST363	363	2023-06-03	Male	64	Beauty	1	25
CUST364	364	2023-08-23	Female	19	Beauty	1	500
CUST365	365	2023-06-11	Male	31	Clothing	1	300
CUST366	366	2023-02-07	Male	57	Clothing	2	50
CUST367	367	2023-01-05	Female	57	Electronics	1	50
CUST368	368	2023-08-23	Female	56	Clothing	4	300
CUST369	369	2023-11-15	Male	23	Electronics	3	500
CUST370	370	2023-10-16	Male	23	Electronics	2	30
CUST371	371	2023-02-21	Female	20	Beauty	1	25
CUST372	372	2023-02-07	Female	24	Beauty	3	500
CUST373	373	2023-10-03	Female	25	Beauty	2	300
CUST374	374	2023-04-20	Female	59	Beauty	3	25
CUST375	375	2023-09-17	Male	32	Clothing	1	50
CUST376	376	2023-05-16	Female	64	Beauty	1	30
CUST377	377	2023-03-09	Female	46	Clothing	4	50
CUST378	378	2023-06-28	Male	50	Beauty	1	300
CUST379	379	2023-02-05	Female	47	Clothing	1	25
CUST380	380	2023-05-06	Male	56	Electronics	2	300
CUST381	381	2023-07-09	Female	44	Clothing	4	25
CUST382	382	2023-05-26	Female	53	Clothing	2	500
CUST383	383	2023-03-22	Female	46	Beauty	3	30
CUST384	384	2023-08-13	Male	55	Clothing	1	500
CUST385	385	2023-10-06	Male	50	Electronics	3	500
CUST386	386	2023-12-27	Female	54	Electronics	2	300
CUST387	387	2023-06-04	Male	44	Beauty	1	30
CUST388	388	2023-11-10	Male	50	Electronics	1	25
CUST389	389	2023-12-01	Male	21	Clothing	2	25
CUST390	390	2023-09-28	Male	39	Electronics	2	50
CUST391	391	2023-01-05	Male	19	Beauty	2	25
CUST392	392	2023-12-08	Male	27	Clothing	2	300
CUST393	393	2023-10-11	Female	22	Beauty	2	500
CUST394	394	2023-06-03	Female	27	Clothing	1	500
CUST395	395	2023-12-06	Male	50	Electronics	2	500
CUST396	396	2023-02-23	Female	55	Beauty	1	30
CUST397	397	2023-03-10	Female	30	Beauty	1	25
CUST398	398	2023-05-16	Female	48	Clothing	2	300
CUST399	399	2023-03-01	Female	64	Beauty	2	30
CUST400	400	2023-02-24	Male	53	Clothing	4	50
CUST401	401	2023-10-11	Female	62	Clothing	1	300
CUST402	402	2023-03-21	Female	41	Clothing	2	300
CUST403	403	2023-05-20	Male	32	Clothing	2	300
CUST404	404	2023-05-25	Male	46	Electronics	2	500
CUST405	405	2023-11-06	Female	25	Clothing	4	300
CUST406	406	2023-04-18	Female	22	Beauty	4	25
CUST407	407	2023-06-25	Female	46	Electronics	3	300
CUST408	408	2023-04-15	Female	64	Beauty	1	500
CUST409	409	2023-12-18	Female	21	Electronics	3	300
CUST410	410	2023-11-21	Female	29	Clothing	2	50
CUST411	411	2023-05-16	Male	62	Electronics	4	50
CUST412	412	2023-09-16	Female	19	Electronics	4	500
CUST413	413	2023-09-08	Female	44	Beauty	3	25
CUST414	414	2023-05-09	Male	48	Beauty	4	25
CUST415	415	2023-01-27	Male	53	Clothing	2	30
CUST416	416	2023-02-17	Male	53	Electronics	4	500
CUST417	417	2023-11-21	Male	43	Electronics	3	300
CUST418	418	2023-08-05	Female	60	Electronics	2	500
CUST419	419	2023-05-22	Female	44	Clothing	3	30
CUST420	420	2023-01-23	Female	22	Clothing	4	500
CUST421	421	2023-01-02	Female	37	Clothing	3	500
CUST422	422	2023-06-20	Female	28	Clothing	3	30
CUST423	423	2023-03-08	Female	27	Clothing	1	25
CUST424	424	2023-11-23	Male	57	Beauty	4	300
CUST425	425	2023-05-15	Female	55	Electronics	4	30
CUST426	426	2023-03-24	Male	23	Electronics	3	50
CUST427	427	2023-08-15	Male	25	Electronics	1	25
CUST428	428	2023-10-10	Female	40	Electronics	4	50
CUST429	429	2023-12-28	Male	64	Electronics	2	25
CUST430	430	2023-08-07	Female	43	Electronics	3	300
CUST431	431	2023-10-15	Male	63	Electronics	4	300
CUST432	432	2023-01-05	Female	60	Electronics	2	500
CUST433	433	2023-02-27	Male	29	Beauty	4	50
CUST434	434	2023-02-08	Female	43	Electronics	2	25
CUST435	435	2023-12-20	Female	30	Beauty	3	300
CUST436	436	2023-03-18	Female	57	Clothing	4	30
CUST437	437	2023-10-07	Female	35	Electronics	4	300
CUST438	438	2023-01-19	Female	42	Clothing	1	30
CUST439	439	2023-07-09	Male	50	Clothing	3	25
CUST440	440	2023-10-26	Male	64	Clothing	2	300
CUST441	441	2023-10-10	Male	57	Beauty	4	300
CUST442	442	2023-03-17	Female	60	Clothing	4	25
CUST443	443	2023-08-09	Male	29	Clothing	2	300
CUST444	444	2023-03-07	Female	61	Clothing	3	30
CUST445	445	2023-01-22	Female	53	Electronics	1	300
CUST446	446	2023-06-07	Male	21	Electronics	1	50
CUST447	447	2023-07-06	Male	22	Beauty	4	500
CUST448	448	2023-01-21	Female	54	Beauty	2	30
CUST449	449	2023-07-03	Male	25	Electronics	4	50
CUST450	450	2023-04-18	Female	59	Beauty	2	25
CUST451	451	2023-12-16	Female	45	Electronics	1	30
CUST452	452	2023-05-08	Female	48	Clothing	3	500
CUST453	453	2023-12-08	Female	26	Clothing	2	500
CUST454	454	2023-02-22	Female	46	Beauty	1	25
CUST455	455	2023-07-01	Male	31	Electronics	4	25
CUST456	456	2023-10-14	Male	57	Electronics	2	30
CUST457	457	2023-07-28	Female	58	Beauty	3	300
CUST458	458	2023-11-14	Female	39	Electronics	4	25
CUST459	459	2023-03-21	Male	28	Clothing	4	300
CUST460	460	2023-05-02	Male	40	Beauty	1	50
CUST461	461	2023-03-25	Female	18	Beauty	2	500
CUST462	462	2023-04-01	Male	63	Electronics	4	300
CUST463	463	2023-07-31	Female	54	Beauty	3	500
CUST464	464	2023-01-13	Male	38	Electronics	2	300
CUST465	465	2023-04-02	Female	43	Electronics	3	50
CUST466	466	2023-06-20	Male	63	Electronics	4	25
CUST467	467	2023-07-30	Female	53	Electronics	3	50
CUST468	468	2023-12-09	Male	40	Electronics	1	25
CUST469	469	2023-05-08	Male	18	Beauty	3	25
CUST470	470	2023-05-17	Female	57	Clothing	2	500
CUST471	471	2023-03-23	Male	32	Clothing	3	50
CUST472	472	2023-12-26	Female	38	Beauty	3	300
CUST473	473	2023-02-25	Male	64	Beauty	1	50
CUST474	474	2023-07-15	Female	26	Clothing	3	500
CUST475	475	2023-01-20	Male	26	Clothing	3	25
CUST476	476	2023-08-29	Female	27	Clothing	4	500
CUST477	477	2023-04-24	Male	43	Clothing	4	30
CUST478	478	2023-04-13	Female	58	Clothing	2	30
CUST479	479	2023-08-24	Male	52	Electronics	4	300
CUST480	480	2023-06-29	Female	42	Beauty	4	500
CUST481	481	2023-06-06	Female	43	Electronics	4	300
CUST482	482	2023-04-27	Female	28	Clothing	4	300
CUST483	483	2023-04-25	Male	55	Clothing	1	30
CUST484	484	2023-01-13	Female	19	Clothing	4	300
CUST485	485	2023-12-04	Male	24	Electronics	1	30
CUST486	486	2023-04-09	Female	35	Electronics	1	25
CUST487	487	2023-07-24	Male	44	Clothing	4	500
CUST488	488	2023-06-18	Female	51	Electronics	3	300
CUST489	489	2023-05-23	Male	44	Electronics	1	30
CUST490	490	2023-02-05	Male	34	Clothing	3	50
CUST491	491	2023-05-23	Female	60	Electronics	3	300
CUST492	492	2023-06-29	Male	61	Beauty	4	25
CUST493	493	2023-11-25	Male	41	Beauty	2	25
CUST494	494	2023-09-18	Female	42	Beauty	4	50
CUST495	495	2023-07-24	Male	24	Beauty	2	30
CUST496	496	2023-12-14	Male	23	Clothing	2	300
CUST497	497	2023-10-02	Male	41	Clothing	4	30
CUST498	498	2023-06-19	Female	50	Clothing	4	25
CUST499	499	2023-01-15	Male	46	Beauty	2	30
CUST500	500	2023-03-01	Female	60	Beauty	4	25
CUST501	501	2023-05-14	Male	39	Electronics	2	30
CUST502	502	2023-04-02	Male	43	Electronics	3	50
CUST503	503	2023-10-25	Male	45	Beauty	4	500
CUST504	504	2023-05-16	Female	38	Beauty	3	50
CUST505	505	2023-01-20	Male	24	Beauty	1	50
CUST506	506	2023-02-25	Male	34	Beauty	3	500
CUST507	507	2023-11-02	Female	37	Electronics	3	500
CUST508	508	2023-08-11	Male	58	Beauty	2	300
CUST509	509	2023-06-26	Female	37	Electronics	3	300
CUST510	510	2023-06-10	Female	39	Beauty	4	50
CUST511	511	2023-08-12	Male	45	Beauty	2	50
CUST512	512	2023-11-07	Female	57	Beauty	1	25
CUST513	513	2023-09-19	Male	24	Electronics	4	25
CUST514	514	2023-03-01	Female	18	Electronics	1	300
CUST515	515	2023-07-17	Female	49	Clothing	3	300
CUST516	516	2023-10-23	Male	30	Beauty	4	25
CUST517	517	2023-04-08	Female	47	Clothing	4	25
CUST518	518	2023-05-11	Female	40	Clothing	1	30
CUST519	519	2023-01-23	Female	36	Electronics	4	30
CUST520	520	2023-12-29	Female	49	Electronics	4	25
CUST521	521	2023-08-12	Female	47	Clothing	4	30
CUST522	522	2023-01-01	Male	46	Beauty	3	500
CUST523	523	2023-09-24	Female	62	Electronics	1	300
CUST524	524	2023-10-03	Male	46	Beauty	4	300
CUST525	525	2023-12-18	Female	47	Beauty	2	25
CUST526	526	2023-12-10	Male	33	Clothing	2	50
CUST527	527	2023-04-11	Male	57	Clothing	2	25
CUST528	528	2023-07-06	Female	36	Clothing	2	30
CUST529	529	2023-08-09	Female	35	Clothing	3	50
CUST530	530	2023-02-05	Female	18	Electronics	4	30
CUST531	531	2023-12-07	Male	31	Electronics	1	500
CUST532	532	2023-06-19	Female	64	Clothing	4	30
CUST533	533	2023-11-16	Male	19	Electronics	3	500
CUST534	534	2023-06-10	Male	45	Clothing	2	500
CUST535	535	2023-12-06	Male	47	Beauty	3	30
CUST536	536	2023-03-05	Female	55	Beauty	4	30
CUST537	537	2023-06-03	Female	21	Beauty	1	500
CUST538	538	2023-09-17	Male	18	Clothing	3	50
CUST539	539	2023-06-08	Male	25	Beauty	1	500
CUST540	540	2023-12-08	Female	46	Electronics	3	300
CUST541	541	2023-07-29	Male	56	Beauty	1	500
CUST542	542	2023-06-17	Female	20	Beauty	1	50
CUST543	543	2023-07-26	Male	49	Beauty	2	300
CUST544	544	2023-12-23	Female	27	Electronics	1	25
CUST545	545	2023-06-01	Male	27	Clothing	2	25
CUST546	546	2023-10-11	Female	36	Electronics	4	50
CUST547	547	2023-03-07	Male	63	Clothing	4	500
CUST548	548	2023-04-09	Female	51	Clothing	2	30
CUST549	549	2023-08-04	Female	50	Beauty	2	50
CUST550	550	2023-12-07	Male	40	Clothing	3	300
CUST551	551	2023-07-14	Male	45	Electronics	3	300
CUST552	552	2023-12-13	Female	49	Electronics	3	25
CUST553	553	2023-03-31	Male	24	Clothing	4	300
CUST554	554	2023-11-12	Female	46	Beauty	3	50
CUST555	555	2023-10-19	Male	25	Beauty	1	300
CUST556	556	2023-06-04	Female	18	Electronics	1	50
CUST557	557	2023-07-27	Female	20	Beauty	3	30
CUST558	558	2023-10-08	Female	41	Clothing	1	25
CUST559	559	2023-01-01	Female	40	Clothing	4	300
CUST560	560	2023-06-05	Female	25	Electronics	1	50
CUST561	561	2023-05-27	Female	64	Clothing	4	500
CUST562	562	2023-04-18	Male	54	Electronics	2	25
CUST563	563	2023-08-09	Male	20	Clothing	2	30
CUST564	564	2023-10-24	Male	50	Electronics	2	50
CUST565	565	2023-11-07	Female	45	Beauty	2	30
CUST566	566	2023-12-02	Female	64	Clothing	1	30
CUST567	567	2023-06-14	Female	25	Clothing	3	300
CUST568	568	2023-08-27	Female	51	Electronics	1	300
CUST569	569	2023-08-15	Male	52	Electronics	4	50
CUST570	570	2023-08-15	Male	49	Clothing	1	500
CUST571	571	2023-12-12	Female	41	Electronics	1	50
CUST572	572	2023-04-20	Male	31	Clothing	4	500
CUST573	573	2023-09-19	Male	49	Beauty	2	30
CUST574	574	2023-08-31	Female	63	Electronics	2	25
CUST575	575	2023-03-28	Male	60	Clothing	2	50
CUST576	576	2023-12-04	Female	33	Beauty	3	50
CUST577	577	2023-02-13	Male	21	Beauty	4	500
CUST578	578	2023-05-26	Female	54	Clothing	4	30
CUST579	579	2023-09-21	Female	38	Electronics	1	30
CUST580	580	2023-12-06	Female	31	Clothing	3	500
CUST581	581	2023-11-21	Female	48	Beauty	2	30
CUST582	582	2023-11-14	Male	35	Clothing	3	300
CUST583	583	2023-06-21	Female	24	Electronics	4	25
CUST584	584	2023-02-17	Female	27	Beauty	4	50
CUST585	585	2023-05-01	Female	24	Clothing	1	25
CUST586	586	2023-12-11	Male	50	Electronics	1	50
CUST587	587	2023-06-08	Female	40	Beauty	4	300
CUST588	588	2023-04-26	Male	38	Electronics	2	30
CUST589	589	2023-04-12	Female	36	Beauty	2	500
CUST590	590	2023-03-17	Male	36	Clothing	3	300
CUST591	591	2023-01-13	Male	53	Electronics	4	25
CUST592	592	2023-01-24	Female	46	Beauty	4	500
CUST593	593	2023-05-06	Male	35	Electronics	2	30
CUST594	594	2023-09-01	Female	19	Electronics	2	300
CUST595	595	2023-11-09	Female	18	Clothing	4	500
CUST596	596	2023-02-07	Female	64	Electronics	1	300
CUST597	597	2023-08-22	Male	22	Beauty	4	300
CUST598	598	2023-08-01	Male	37	Beauty	4	30
CUST599	599	2023-11-19	Female	28	Beauty	2	50
CUST600	600	2023-10-22	Female	59	Beauty	2	500
CUST601	601	2023-04-10	Male	19	Clothing	1	30
CUST602	602	2023-12-23	Female	20	Electronics	1	300
CUST603	603	2023-07-16	Female	40	Clothing	3	30
CUST604	604	2023-09-11	Female	29	Electronics	4	50
CUST605	605	2023-07-24	Male	37	Electronics	2	500
CUST606	606	2023-05-05	Male	22	Electronics	1	50
CUST607	607	2023-03-17	Male	54	Clothing	3	25
CUST608	608	2023-12-02	Female	55	Electronics	3	500
CUST609	609	2023-12-19	Female	47	Clothing	2	50
CUST610	610	2023-01-03	Female	26	Beauty	2	300
CUST611	611	2023-02-24	Male	51	Beauty	3	500
CUST612	612	2023-08-06	Female	61	Electronics	1	500
CUST613	613	2023-04-23	Female	52	Clothing	3	30
CUST614	614	2023-04-01	Female	39	Beauty	4	300
CUST615	615	2023-12-23	Female	61	Clothing	4	25
CUST616	616	2023-09-23	Male	41	Clothing	2	50
CUST617	617	2023-08-26	Male	34	Electronics	1	30
CUST618	618	2023-01-26	Female	27	Beauty	1	50
CUST619	619	2023-10-13	Male	47	Electronics	4	25
CUST620	620	2023-05-08	Male	63	Electronics	3	25
CUST621	621	2023-03-04	Female	40	Beauty	2	500
CUST622	622	2023-08-22	Female	49	Beauty	3	25
CUST623	623	2023-03-10	Male	34	Clothing	3	50
CUST624	624	2023-08-26	Female	34	Beauty	3	300
CUST625	625	2023-12-08	Male	31	Clothing	1	300
CUST626	626	2023-09-29	Female	26	Clothing	4	500
CUST627	627	2023-10-14	Male	57	Clothing	1	50
CUST628	628	2023-11-01	Female	19	Beauty	4	50
CUST629	629	2023-06-12	Male	62	Electronics	2	25
CUST630	630	2023-08-15	Male	42	Clothing	2	50
CUST631	631	2023-11-10	Male	56	Electronics	3	30
CUST632	632	2023-09-16	Female	26	Electronics	4	25
CUST633	633	2023-08-07	Male	39	Beauty	4	30
CUST634	634	2023-10-08	Male	60	Electronics	4	500
CUST635	635	2023-08-17	Female	63	Electronics	3	300
CUST636	636	2023-03-23	Female	21	Beauty	3	500
CUST637	637	2023-09-01	Male	43	Clothing	2	300
CUST638	638	2023-08-19	Male	46	Electronics	1	500
CUST639	639	2023-05-13	Female	62	Beauty	4	50
CUST640	640	2023-05-07	Female	51	Electronics	4	30
CUST641	641	2023-11-23	Female	40	Electronics	1	300
CUST642	642	2023-05-22	Female	54	Clothing	4	25
CUST643	643	2023-09-24	Female	28	Electronics	3	30
CUST644	644	2023-09-06	Male	23	Beauty	3	25
CUST645	645	2023-11-17	Female	35	Electronics	4	30
CUST646	646	2023-05-03	Male	38	Clothing	3	30
CUST647	647	2023-05-21	Male	59	Clothing	3	500
CUST648	648	2023-08-14	Male	53	Beauty	4	300
CUST649	649	2023-02-09	Female	58	Clothing	2	300
CUST650	650	2024-01-01	Male	55	Electronics	1	30
CUST651	651	2023-05-27	Male	51	Clothing	3	50
CUST652	652	2023-05-01	Female	34	Beauty	2	50
CUST653	653	2023-05-20	Male	54	Clothing	3	25
CUST654	654	2023-06-21	Male	42	Clothing	3	25
CUST655	655	2023-06-13	Female	55	Clothing	1	500
CUST656	656	2023-10-04	Male	29	Beauty	3	30
CUST657	657	2023-02-11	Male	40	Clothing	1	25
CUST658	658	2023-03-12	Male	59	Clothing	1	25
CUST659	659	2023-03-19	Female	39	Electronics	1	30
CUST660	660	2023-04-29	Female	38	Beauty	2	500
CUST661	661	2023-07-16	Female	44	Clothing	4	25
CUST662	662	2023-12-22	Male	48	Beauty	2	500
CUST663	663	2023-03-20	Male	23	Clothing	4	300
CUST664	664	2023-12-28	Female	44	Clothing	4	500
CUST665	665	2023-04-20	Male	57	Clothing	1	50
CUST666	666	2023-02-02	Male	51	Electronics	3	50
CUST667	667	2023-08-01	Female	29	Electronics	1	500
CUST668	668	2023-07-28	Female	62	Electronics	3	50
CUST669	669	2023-06-19	Male	24	Beauty	4	300
CUST670	670	2023-10-05	Male	27	Beauty	1	30
CUST671	671	2023-08-27	Male	62	Electronics	3	50
CUST672	672	2023-08-01	Female	34	Beauty	2	50
CUST673	673	2023-02-01	Female	43	Clothing	3	500
CUST674	674	2023-04-16	Female	38	Clothing	1	300
CUST675	675	2023-08-04	Female	45	Clothing	2	30
CUST676	676	2023-07-19	Male	63	Electronics	3	500
CUST677	677	2023-10-27	Female	19	Beauty	3	500
CUST678	678	2023-12-23	Female	60	Electronics	3	300
CUST679	679	2023-01-11	Female	18	Beauty	3	30
CUST680	680	2023-10-22	Female	53	Clothing	3	300
CUST681	681	2023-07-14	Female	43	Electronics	2	30
CUST682	682	2023-09-02	Male	46	Beauty	4	300
CUST683	683	2023-01-04	Male	38	Beauty	2	500
CUST684	684	2023-06-30	Female	28	Clothing	2	500
CUST685	685	2023-06-02	Male	57	Electronics	2	25
CUST686	686	2023-07-19	Female	28	Electronics	4	50
CUST687	687	2023-08-03	Female	53	Electronics	1	300
CUST688	688	2023-10-03	Male	56	Clothing	4	25
CUST689	689	2023-10-07	Male	57	Electronics	2	50
CUST690	690	2023-11-05	Female	52	Clothing	3	300
CUST691	691	2023-04-23	Female	51	Clothing	3	30
CUST692	692	2023-09-07	Female	64	Clothing	2	50
CUST693	693	2023-04-23	Male	41	Beauty	3	500
CUST694	694	2023-05-20	Female	39	Electronics	2	25
CUST695	695	2023-08-12	Female	22	Electronics	3	50
CUST696	696	2023-09-06	Female	50	Clothing	4	50
CUST697	697	2023-01-15	Male	53	Clothing	1	500
CUST698	698	2023-07-19	Female	64	Electronics	1	300
CUST699	699	2023-06-22	Female	37	Clothing	4	30
CUST700	700	2023-12-09	Male	36	Electronics	4	500
CUST701	701	2023-12-14	Female	52	Beauty	2	30
CUST702	702	2023-07-27	Female	60	Clothing	2	300
CUST703	703	2023-03-26	Male	34	Electronics	2	50
CUST704	704	2023-08-28	Female	62	Clothing	3	30
CUST705	705	2023-03-07	Male	60	Electronics	2	25
CUST706	706	2023-11-15	Male	51	Electronics	4	25
CUST707	707	2023-10-01	Female	26	Clothing	1	500
CUST708	708	2023-01-14	Female	43	Beauty	3	300
CUST709	709	2023-07-21	Female	19	Electronics	2	500
CUST710	710	2023-10-31	Female	26	Electronics	3	500
CUST711	711	2023-10-16	Male	26	Electronics	3	500
CUST712	712	2023-12-06	Female	57	Beauty	2	25
CUST713	713	2023-01-14	Male	34	Beauty	3	25
CUST714	714	2023-02-12	Female	18	Clothing	1	500
CUST715	715	2023-11-26	Female	42	Beauty	4	25
CUST716	716	2023-08-08	Female	60	Clothing	4	300
CUST717	717	2023-03-11	Male	57	Clothing	1	500
CUST718	718	2023-08-25	Female	59	Beauty	3	25
CUST719	719	2023-04-04	Female	42	Clothing	2	30
CUST720	720	2023-01-26	Female	56	Beauty	3	500
CUST721	721	2023-05-14	Female	52	Clothing	1	500
CUST722	722	2023-07-14	Male	20	Beauty	3	300
CUST723	723	2023-06-17	Female	54	Beauty	4	50
CUST724	724	2023-04-19	Male	61	Clothing	3	50
CUST725	725	2023-08-21	Male	61	Electronics	1	300
CUST726	726	2023-06-17	Male	47	Clothing	4	300
CUST727	727	2023-06-22	Male	55	Beauty	3	300
CUST728	728	2023-07-14	Male	51	Electronics	3	50
CUST729	729	2023-05-23	Male	29	Clothing	4	300
CUST730	730	2023-08-04	Female	36	Clothing	2	25
CUST731	731	2023-05-10	Male	54	Clothing	4	500
CUST732	732	2023-02-11	Male	61	Electronics	2	500
CUST733	733	2023-08-29	Male	34	Beauty	1	30
CUST734	734	2023-01-10	Female	27	Clothing	1	30
CUST735	735	2023-10-04	Female	64	Clothing	4	500
CUST736	736	2023-01-27	Male	29	Clothing	4	25
CUST737	737	2023-06-29	Female	33	Clothing	1	50
CUST738	738	2023-04-25	Male	41	Clothing	2	50
CUST739	739	2023-11-29	Male	36	Beauty	1	25
CUST740	740	2023-02-05	Female	25	Beauty	4	50
CUST741	741	2023-11-30	Male	48	Clothing	1	300
CUST742	742	2023-01-21	Female	38	Electronics	4	500
CUST743	743	2023-01-16	Female	34	Beauty	4	500
CUST744	744	2023-05-07	Male	40	Electronics	1	25
CUST745	745	2023-04-13	Male	54	Beauty	2	50
CUST746	746	2023-01-11	Female	33	Clothing	3	30
CUST747	747	2023-11-15	Male	23	Beauty	1	30
CUST748	748	2023-03-20	Male	25	Clothing	3	50
CUST749	749	2023-05-03	Male	42	Beauty	1	30
CUST750	750	2023-03-06	Female	35	Clothing	3	25
CUST751	751	2023-08-31	Female	42	Clothing	2	25
CUST752	752	2023-12-09	Male	29	Clothing	2	50
CUST753	753	2023-02-28	Female	32	Clothing	1	30
CUST754	754	2023-10-16	Female	43	Electronics	4	25
CUST755	755	2023-04-22	Female	58	Clothing	3	25
CUST756	756	2023-08-27	Female	62	Electronics	4	300
CUST757	757	2023-12-25	Female	43	Electronics	4	300
CUST758	758	2023-05-12	Male	64	Clothing	4	25
CUST759	759	2023-07-08	Male	49	Electronics	2	50
CUST760	760	2023-03-27	Male	27	Beauty	1	500
CUST761	761	2023-11-07	Female	33	Clothing	1	500
CUST762	762	2023-11-07	Female	24	Electronics	2	25
CUST763	763	2023-02-28	Male	34	Clothing	2	25
CUST764	764	2023-03-25	Female	40	Clothing	1	25
CUST765	765	2023-06-09	Male	43	Clothing	4	50
CUST766	766	2023-02-25	Male	38	Electronics	3	300
CUST767	767	2023-10-24	Male	39	Beauty	3	25
CUST768	768	2023-01-14	Female	24	Beauty	3	25
CUST769	769	2023-06-09	Female	31	Electronics	4	30
CUST770	770	2023-10-22	Male	32	Clothing	1	50
CUST771	771	2023-12-13	Male	24	Electronics	2	25
CUST772	772	2023-07-12	Male	26	Electronics	1	30
CUST773	773	2023-07-23	Male	25	Electronics	4	500
CUST774	774	2023-04-12	Female	40	Clothing	2	25
CUST775	775	2023-02-08	Female	46	Electronics	4	25
CUST776	776	2023-10-31	Male	35	Clothing	3	30
CUST777	777	2023-12-20	Male	48	Electronics	3	50
CUST778	778	2023-11-18	Female	47	Beauty	4	25
CUST779	779	2023-05-05	Female	56	Electronics	2	500
CUST780	780	2023-02-22	Male	52	Electronics	2	25
CUST781	781	2023-12-23	Male	35	Beauty	1	500
CUST782	782	2023-06-04	Male	59	Clothing	3	300
CUST783	783	2023-12-17	Female	56	Clothing	1	300
CUST784	784	2023-11-04	Female	34	Electronics	1	500
CUST785	785	2023-03-03	Female	31	Beauty	4	50
CUST786	786	2023-10-17	Male	48	Clothing	4	25
CUST787	787	2023-01-22	Male	41	Electronics	1	25
CUST788	788	2023-06-27	Female	52	Beauty	3	300
CUST789	789	2023-09-30	Female	61	Clothing	4	500
CUST790	790	2023-08-08	Male	62	Clothing	1	25
CUST791	791	2023-12-05	Female	51	Beauty	1	25
CUST792	792	2023-07-09	Female	20	Beauty	1	50
CUST793	793	2023-02-05	Male	54	Beauty	1	30
CUST794	794	2023-09-17	Female	60	Beauty	1	300
CUST795	795	2023-11-28	Male	57	Electronics	1	300
CUST796	796	2023-06-24	Male	43	Beauty	4	30
CUST797	797	2023-01-07	Male	40	Clothing	3	25
CUST798	798	2023-08-04	Male	61	Clothing	1	50
CUST799	799	2023-09-08	Male	56	Electronics	2	50
CUST800	800	2023-02-24	Male	32	Clothing	4	300
CUST801	801	2023-08-10	Male	21	Clothing	4	50
CUST802	802	2023-07-05	Female	46	Beauty	1	30
CUST803	803	2023-11-22	Male	39	Clothing	4	25
CUST804	804	2023-08-24	Male	42	Electronics	1	30
CUST805	805	2023-12-29	Female	30	Beauty	3	500
CUST806	806	2023-03-20	Female	35	Beauty	3	300
CUST807	807	2023-08-11	Female	50	Electronics	4	50
CUST808	808	2023-04-01	Male	33	Beauty	4	500
CUST809	809	2023-09-25	Female	62	Beauty	2	50
CUST810	810	2023-11-30	Male	59	Electronics	4	25
CUST811	811	2023-05-19	Male	61	Beauty	2	25
CUST812	812	2023-11-12	Male	19	Electronics	3	25
CUST813	813	2023-10-03	Male	52	Electronics	3	50
CUST814	814	2023-09-05	Female	59	Clothing	1	500
CUST815	815	2023-08-27	Female	51	Clothing	3	25
CUST816	816	2023-08-12	Male	47	Beauty	2	500
CUST817	817	2023-10-31	Male	30	Beauty	4	50
CUST818	818	2023-05-18	Male	30	Electronics	1	500
CUST819	819	2023-06-15	Female	35	Beauty	2	50
CUST820	820	2023-05-06	Male	49	Electronics	4	50
CUST821	821	2023-02-14	Male	49	Electronics	1	300
CUST822	822	2023-05-23	Female	52	Beauty	3	50
CUST823	823	2023-08-19	Female	56	Electronics	2	50
CUST824	824	2023-05-05	Male	63	Clothing	4	30
CUST825	825	2023-08-26	Female	46	Beauty	1	25
CUST826	826	2023-10-19	Female	46	Clothing	1	300
CUST827	827	2023-11-09	Male	61	Beauty	3	300
CUST828	828	2023-12-09	Female	33	Electronics	4	300
CUST829	829	2023-07-14	Male	61	Beauty	3	30
CUST830	830	2023-06-22	Female	64	Clothing	3	50
CUST831	831	2023-01-15	Male	27	Electronics	4	25
CUST832	832	2023-09-11	Male	47	Beauty	4	500
CUST833	833	2023-06-16	Male	42	Beauty	4	50
CUST834	834	2023-04-04	Female	56	Beauty	2	30
CUST835	835	2023-09-07	Male	37	Clothing	4	50
CUST836	836	2023-04-19	Female	22	Clothing	1	50
CUST837	837	2023-07-01	Male	18	Beauty	3	30
CUST838	838	2023-05-13	Male	47	Electronics	2	300
CUST839	839	2023-06-24	Female	20	Electronics	4	300
CUST840	840	2023-05-24	Male	62	Clothing	2	25
CUST841	841	2023-11-02	Male	31	Electronics	4	25
CUST842	842	2023-12-26	Female	47	Clothing	2	300
CUST843	843	2023-05-22	Male	21	Beauty	3	500
CUST844	844	2023-10-12	Male	35	Clothing	3	50
CUST845	845	2023-01-06	Male	54	Clothing	1	500
CUST846	846	2023-09-22	Male	42	Beauty	1	50
CUST847	847	2023-04-08	Female	18	Electronics	4	300
CUST848	848	2023-02-13	Female	63	Clothing	3	25
CUST849	849	2023-05-04	Male	32	Clothing	2	25
CUST850	850	2023-07-28	Female	26	Beauty	2	500
CUST851	851	2023-09-08	Male	32	Electronics	2	25
CUST852	852	2023-10-12	Female	41	Clothing	1	300
CUST853	853	2023-05-04	Male	21	Beauty	2	500
CUST854	854	2023-12-20	Male	29	Clothing	1	50
CUST855	855	2023-09-01	Male	54	Beauty	1	25
CUST856	856	2023-11-27	Male	54	Electronics	4	30
CUST857	857	2023-12-31	Male	60	Electronics	2	25
CUST858	858	2023-09-09	Male	23	Electronics	2	50
CUST859	859	2023-08-18	Female	56	Electronics	3	500
CUST860	860	2023-01-09	Male	63	Clothing	4	50
CUST861	861	2023-02-17	Female	41	Clothing	3	30
CUST862	862	2023-05-31	Male	28	Electronics	4	300
CUST863	863	2023-04-24	Female	30	Electronics	2	25
CUST864	864	2023-07-27	Female	51	Electronics	1	500
CUST865	865	2023-12-21	Female	42	Clothing	1	300
CUST866	866	2023-05-05	Male	24	Electronics	1	50
CUST867	867	2023-06-06	Male	21	Electronics	1	500
CUST868	868	2023-12-06	Female	25	Electronics	1	300
CUST869	869	2023-10-25	Male	37	Beauty	3	500
CUST870	870	2023-07-08	Female	46	Electronics	4	30
CUST871	871	2023-08-31	Male	62	Beauty	2	30
CUST872	872	2023-10-11	Female	63	Beauty	3	25
CUST873	873	2023-09-29	Female	27	Electronics	4	25
CUST874	874	2023-06-26	Male	60	Beauty	1	30
CUST875	875	2023-08-06	Female	51	Electronics	4	500
CUST876	876	2023-10-09	Male	43	Clothing	4	30
CUST877	877	2023-06-19	Female	58	Clothing	1	25
CUST878	878	2023-06-30	Female	20	Clothing	1	30
CUST879	879	2023-12-26	Male	23	Clothing	1	30
CUST880	880	2023-08-21	Male	22	Beauty	2	500
CUST881	881	2023-05-19	Male	22	Electronics	1	300
CUST882	882	2023-06-06	Female	64	Electronics	2	25
CUST883	883	2023-05-09	Male	40	Electronics	1	500
CUST884	884	2023-04-29	Female	26	Clothing	2	30
CUST885	885	2023-03-03	Female	52	Clothing	4	30
CUST886	886	2023-04-09	Male	37	Electronics	3	300
CUST887	887	2023-06-11	Male	59	Clothing	4	25
CUST888	888	2023-03-03	Female	52	Electronics	4	25
CUST889	889	2023-10-02	Female	35	Electronics	1	50
CUST890	890	2023-12-20	Male	34	Electronics	2	25
CUST891	891	2023-04-05	Male	41	Electronics	3	300
CUST892	892	2023-04-09	Male	20	Electronics	1	50
CUST893	893	2023-04-21	Male	49	Electronics	1	50
CUST894	894	2023-09-05	Male	52	Electronics	1	30
CUST895	895	2023-05-22	Female	55	Clothing	4	30
CUST896	896	2023-10-29	Female	30	Electronics	2	25
CUST897	897	2023-09-26	Female	64	Electronics	2	50
CUST898	898	2023-11-02	Female	42	Clothing	3	30
CUST899	899	2023-05-25	Male	26	Clothing	2	300
CUST900	900	2023-02-21	Male	21	Clothing	2	30
CUST901	901	2023-04-10	Male	31	Electronics	1	30
CUST902	902	2023-06-01	Female	54	Beauty	1	50
CUST903	903	2023-04-27	Female	51	Beauty	4	50
CUST904	904	2023-07-04	Male	28	Clothing	1	500
CUST905	905	2023-04-02	Male	58	Beauty	1	300
CUST906	906	2023-06-04	Female	20	Clothing	1	50
CUST907	907	2023-01-08	Female	45	Electronics	1	25
CUST908	908	2023-12-29	Male	46	Beauty	4	300
CUST909	909	2023-10-01	Male	26	Electronics	1	300
CUST910	910	2023-03-06	Female	20	Beauty	3	50
CUST911	911	2023-05-21	Male	42	Electronics	3	300
CUST912	912	2023-01-24	Male	51	Beauty	3	50
CUST913	913	2023-01-28	Male	29	Electronics	3	30
CUST914	914	2023-10-11	Female	59	Electronics	1	500
CUST915	915	2023-05-30	Female	26	Beauty	3	30
CUST916	916	2023-12-24	Female	32	Electronics	1	50
CUST917	917	2023-03-06	Female	57	Electronics	4	50
CUST918	918	2023-11-23	Female	42	Electronics	3	30
CUST919	919	2023-09-09	Female	22	Beauty	2	25
CUST920	920	2023-02-22	Female	28	Beauty	3	25
CUST921	921	2023-01-07	Male	51	Electronics	3	25
CUST922	922	2023-10-21	Male	41	Electronics	1	50
CUST923	923	2023-05-26	Male	32	Beauty	3	300
CUST924	924	2023-08-29	Male	55	Beauty	2	50
CUST925	925	2023-09-03	Male	25	Electronics	1	300
CUST926	926	2023-08-14	Male	22	Electronics	1	30
CUST927	927	2023-06-24	Male	43	Electronics	4	500
CUST928	928	2023-04-05	Female	35	Clothing	4	300
CUST929	929	2023-01-27	Female	23	Beauty	3	25
CUST930	930	2023-05-10	Male	54	Clothing	4	50
CUST931	931	2023-09-02	Male	30	Beauty	4	30
CUST932	932	2023-02-28	Female	45	Beauty	4	25
CUST933	933	2023-02-03	Male	22	Beauty	1	30
CUST934	934	2023-07-25	Male	30	Beauty	1	500
CUST935	935	2023-09-09	Female	34	Beauty	1	50
CUST936	936	2023-02-07	Male	57	Beauty	4	50
CUST937	937	2023-10-23	Female	62	Beauty	1	500
CUST938	938	2023-11-19	Male	49	Clothing	4	50
CUST939	939	2023-12-18	Female	46	Electronics	1	300
CUST940	940	2023-01-28	Female	20	Electronics	1	30
CUST941	941	2023-03-19	Female	57	Clothing	2	25
CUST942	942	2023-03-18	Male	51	Clothing	3	500
CUST943	943	2023-10-16	Female	57	Clothing	4	300
CUST944	944	2023-06-05	Male	44	Clothing	2	25
CUST945	945	2023-02-13	Male	30	Beauty	1	25
CUST946	946	2023-05-08	Male	62	Electronics	4	500
CUST947	947	2023-03-02	Male	50	Beauty	1	300
CUST948	948	2023-10-13	Female	23	Electronics	3	25
CUST949	949	2023-08-02	Female	41	Electronics	2	25
CUST950	950	2023-11-07	Male	36	Clothing	3	300
CUST951	951	2023-11-02	Male	33	Beauty	2	50
CUST952	952	2023-11-13	Female	57	Clothing	1	25
CUST953	953	2023-04-26	Male	45	Beauty	3	30
CUST954	954	2023-09-25	Female	50	Electronics	3	300
CUST955	955	2023-07-14	Male	58	Clothing	1	25
CUST956	956	2023-08-19	Male	30	Clothing	3	500
CUST957	957	2023-08-15	Female	60	Electronics	4	30
CUST958	958	2023-06-02	Male	62	Electronics	2	25
CUST959	959	2023-10-29	Female	42	Electronics	2	30
CUST960	960	2023-08-08	Male	59	Clothing	2	30
CUST961	961	2023-06-06	Male	53	Beauty	4	50
CUST962	962	2023-10-19	Male	44	Clothing	2	30
CUST963	963	2023-11-14	Female	55	Beauty	1	50
CUST964	964	2023-01-31	Male	24	Clothing	3	300
CUST965	965	2023-11-09	Male	22	Clothing	4	50
CUST966	966	2023-02-20	Male	60	Electronics	2	500
CUST967	967	2023-04-17	Male	62	Beauty	1	25
CUST968	968	2023-11-17	Female	48	Clothing	3	300
CUST969	969	2023-04-19	Female	40	Clothing	3	300
CUST970	970	2023-05-16	Male	59	Electronics	4	500
CUST971	971	2023-12-05	Female	27	Electronics	4	50
CUST972	972	2023-02-11	Male	49	Beauty	4	25
CUST973	973	2023-03-22	Male	60	Clothing	1	50
CUST974	974	2023-05-03	Male	47	Beauty	1	30
CUST975	975	2023-03-30	Female	56	Clothing	4	50
CUST976	976	2023-10-10	Female	48	Beauty	2	300
CUST977	977	2023-02-08	Female	35	Electronics	3	25
CUST978	978	2023-03-22	Female	53	Clothing	3	50
CUST979	979	2023-01-02	Female	19	Beauty	1	25
CUST980	980	2023-07-29	Female	31	Electronics	3	25
CUST981	981	2023-08-19	Female	30	Electronics	2	30
CUST982	982	2023-12-19	Female	46	Beauty	3	30
CUST983	983	2023-11-01	Female	29	Clothing	1	300
CUST984	984	2023-08-29	Male	56	Clothing	1	500
CUST985	985	2023-05-30	Female	19	Electronics	2	25
CUST986	986	2023-01-17	Female	49	Clothing	2	500
CUST987	987	2023-04-29	Female	30	Clothing	3	300
CUST988	988	2023-05-28	Female	63	Clothing	3	25
CUST989	989	2023-12-28	Female	44	Electronics	1	25
CUST990	990	2023-05-25	Female	58	Beauty	2	500
CUST991	991	2023-12-26	Female	34	Clothing	2	50
CUST992	992	2023-08-21	Female	57	Electronics	2	30
CUST993	993	2023-02-06	Female	48	Electronics	3	50
CUST994	994	2023-12-18	Female	51	Beauty	2	500
CUST995	995	2023-04-30	Female	41	Clothing	1	30
CUST996	996	2023-05-16	Male	62	Clothing	1	50
CUST997	997	2023-11-17	Male	52	Beauty	3	30
CUST998	998	2023-10-29	Female	23	Beauty	4	25
CUST999	999	2023-12-05	Female	36	Electronics	3	50
CUST1000	1000	2023-04-12	Male	47	Electronics	4	30
